,userid,age,gender,ope,con,ext,agr,neu
0,0,45.0,0.0,0.938630033518229,3.07735612567887,2.0955698801134135,0.31439874278233026,4.544922129542275
1,1,20.0,1.0,2.9939202671920824,4.635307061734594,0.1152447902492354,3.5142937325279595,0.4333052063087145
2,2,38.0,1.0,3.3803473334234786,1.1019055047098925,1.0484968246066546,2.626417154795063,2.7443535867819535
3,3,19.0,0.0,4.83976351139699,4.435866250763762,3.1839840515520876,4.066443782492098,3.7645616150459524
4,4,64.0,1.0,1.188570561366065,2.5180456736730354,4.903709457241304,3.3178386090519485,2.455165953227276
